-- MySQL dump 10.13  Distrib 8.0.15, for Win64 (x86_64)
--
-- Host: localhost    Database: travel
-- ------------------------------------------------------
-- Server version	8.0.15

/*!40101 SET @OLD_CHARACTER_SET_CLIENT=@@CHARACTER_SET_CLIENT */;
/*!40101 SET @OLD_CHARACTER_SET_RESULTS=@@CHARACTER_SET_RESULTS */;
/*!40101 SET @OLD_COLLATION_CONNECTION=@@COLLATION_CONNECTION */;
 SET NAMES utf8 ;
/*!40103 SET @OLD_TIME_ZONE=@@TIME_ZONE */;
/*!40103 SET TIME_ZONE='+00:00' */;
/*!40014 SET @OLD_UNIQUE_CHECKS=@@UNIQUE_CHECKS, UNIQUE_CHECKS=0 */;
/*!40014 SET @OLD_FOREIGN_KEY_CHECKS=@@FOREIGN_KEY_CHECKS, FOREIGN_KEY_CHECKS=0 */;
/*!40101 SET @OLD_SQL_MODE=@@SQL_MODE, SQL_MODE='NO_AUTO_VALUE_ON_ZERO' */;
/*!40111 SET @OLD_SQL_NOTES=@@SQL_NOTES, SQL_NOTES=0 */;

--
-- Table structure for table `city`
--

DROP TABLE IF EXISTS `city`;
/*!40101 SET @saved_cs_client     = @@character_set_client */;
 SET character_set_client = utf8mb4 ;
CREATE TABLE `city` (
  `id` bigint(20) NOT NULL AUTO_INCREMENT,
  `name` varchar(255) DEFAULT NULL,
  PRIMARY KEY (`id`)
) ENGINE=MyISAM AUTO_INCREMENT=13 DEFAULT CHARSET=utf8;
/*!40101 SET character_set_client = @saved_cs_client */;

--
-- Dumping data for table `city`
--

LOCK TABLES `city` WRITE;
/*!40000 ALTER TABLE `city` DISABLE KEYS */;
INSERT INTO `city` VALUES (1,'杭州'),(2,'上海'),(3,'成都'),(4,'厦门'),(5,'台北'),(6,'香港'),(7,'北京'),(8,'苏州'),(9,'南京'),(10,'丽江'),(11,'重庆'),(12,'武汉');
/*!40000 ALTER TABLE `city` ENABLE KEYS */;
UNLOCK TABLES;

--
-- Table structure for table `city_travel_set`
--

DROP TABLE IF EXISTS `city_travel_set`;
/*!40101 SET @saved_cs_client     = @@character_set_client */;
 SET character_set_client = utf8mb4 ;
CREATE TABLE `city_travel_set` (
  `city_id` bigint(20) NOT NULL,
  `travel_set_id` bigint(20) NOT NULL,
  PRIMARY KEY (`city_id`,`travel_set_id`),
  UNIQUE KEY `UK_ad35xufno3rbiboslxec6cw99` (`travel_set_id`)
) ENGINE=MyISAM DEFAULT CHARSET=utf8;
/*!40101 SET character_set_client = @saved_cs_client */;

--
-- Dumping data for table `city_travel_set`
--

LOCK TABLES `city_travel_set` WRITE;
/*!40000 ALTER TABLE `city_travel_set` DISABLE KEYS */;
INSERT INTO `city_travel_set` VALUES (1,1),(2,2),(3,3),(4,4),(5,5),(6,6),(7,7),(8,8),(9,9),(10,10),(11,11),(12,12);
/*!40000 ALTER TABLE `city_travel_set` ENABLE KEYS */;
UNLOCK TABLES;

--
-- Table structure for table `scenary`
--

DROP TABLE IF EXISTS `scenary`;
/*!40101 SET @saved_cs_client     = @@character_set_client */;
 SET character_set_client = utf8mb4 ;
CREATE TABLE `scenary` (
  `id` bigint(20) NOT NULL AUTO_INCREMENT,
  `count` varchar(255) DEFAULT NULL,
  `did` int(11) NOT NULL,
  `guide` longtext,
  `name` varchar(255) DEFAULT NULL,
  `opentime` longtext,
  `price` varchar(255) DEFAULT NULL,
  `score` varchar(255) DEFAULT NULL,
  `spendtime` longtext,
  PRIMARY KEY (`id`)
) ENGINE=MyISAM AUTO_INCREMENT=207 DEFAULT CHARSET=utf8;
/*!40101 SET character_set_client = @saved_cs_client */;

--
-- Dumping data for table `scenary`
--

LOCK TABLES `scenary` WRITE;
/*!40000 ALTER TABLE `scenary` DISABLE KEYS */;
INSERT INTO `scenary` VALUES (18,'(5885条点评)',1,'游玩指南：雷峰塔又名“黄妃塔”，位于西湖南岸夕照山的雷峰上。很多人的“雷峰塔情结”源于白娘子传说，尽管旧塔在1924年就倒掉了，如今这座是在原塔基上新修的，里面有电梯和空调，但并不妨碍你来此寻访白娘子的踪迹。','雷峰塔','开放时间：3月16日-10月31日8:00-19:00；11月1日-次年3月15日8:00-17:30；换票时间：3月16日-10月31日8:30-17:30；11月1日-次年3月15日8:30-17:00；详情以景区公示为准。','88','4.4分','游玩时间：建议1-2小时'),(19,'(1249条点评)',1,'游玩指南：苏堤贯穿西湖南北，是苏东坡在杭州做官时所建，也叫“苏公堤”。因春景迷人，亦被称为“苏堤春晓”。苏堤全长近3公里，走完全程大约需要一个多小时，通常走一小段赏景即可。','苏堤','开放时间：全天开放；详情以景区公示为准。','0','4.6分','游玩时间：建议1-2小时'),(20,'(781条点评)',1,'游玩指南：花港观鱼位于西湖南面，苏堤入口附近。这里曾是一处私家宅院，如今是一座漂亮的免费公园，位列“西湖十景”之一。园中最出名的要数红鱼池中成群结队的红鲤鱼，总有大人小孩拿饲料、面包屑给鱼儿喂食，不亦乐乎。','花港观鱼','开放时间：全天开放','0','4.4分','游玩时间：建议1小时'),(21,'(1192条点评)',1,'游玩指南：西湖三岛中面积最大、唯一能上岛游览的一个，也是一元纸币背后图案的原型。\n上岛必须乘坐西湖游船，沿着西湖有多个码头，其从花港码头上船，返程去中山码头即可。','三潭印月','开放时间：8:00-17:00；详情以景区公示为准。','76','4.4分','游玩时间：建议1-2小时'),(22,'(810条点评)',1,'游玩指南：白堤原名白沙堤，它一端连着断桥，一端接着平湖秋月和孤山，中间是平坦的柏油路。道路两边种着整齐的杨柳和桃树，抬眼便是西湖美景，很适合悠闲漫步。白居易的名句“最爱湖东行不足，绿杨荫里白沙堤”说的就是这里。','白堤','开放时间：全天开放','0','4.6分','游玩时间：建议0.5-1小时'),(23,'(981条点评)',1,'游玩指南：《白蛇传》中许仙、白娘子断桥相会的桥段使断桥尽人皆知，也给这座长桥添了许多浪漫色彩。游人来到杭州，总免不了要来断桥走走，甚至憧憬一下在桥上碰到自己百年修来的“有缘人”。','断桥残雪','开放时间：全天开放；详情以景区公示为准。','0','4.5分','游玩时间：建议10-20分钟'),(24,'(643条点评)',1,'游玩指南：南宋御街与河坊街相交，原来是南宋临安城的中轴线，后来由著名建筑师王澍设计改建，修缮了原本的老房子，加入了流水景观，使它成了今天热闹而古朴的商业街。鼓楼至西湖大道一段，是南宋御街的主要游览区域。','南宋御街','开放时间：全天开放；详情以景区公示为准。','0','4.4分','游玩时间：建议2-3小时'),(25,'(923条点评)',1,'游玩指南：这个商业步行街区不算太大，商铺种类很全，算得上杭城特色的缩影，当地特产在这里基本都能找到。遇到卖定胜糕、酥油饼、龙须糖等当地小食的，不妨买来尝尝。家喻户晓的张小泉剪刀、王星记扇子，虽然贵些，但老字号确实耐用，买上一把留作纪念也不错。','清河坊街','开放时间：全天开放；详情以景区公示为准。','0','4.3分','游玩时间：建议2-3小时'),(26,'(11125条点评)',2,'游玩指南：灵隐（飞来峰）景区位于西湖西面，包括灵隐寺和飞来峰两个主要景观。飞来峰不大也不高，却汇聚了几百处不同朝代的菩萨、高僧造像，有种融合之美。山中的灵隐寺是杭州最古老的寺院，香火旺盛，可以买香花券入寺祈愿。','杭州灵隐（飞来峰）景区','开放时间：4月16日-10月15日6:30-18:00；10月16日-次年4月15日7:00-17:30；详情以景区公示为准。','45','4.6分','游玩时间：建议2小时'),(27,'(207条点评)',2,'游玩指南：龙井茶最主要的生产地之一。村子青山环绕，放眼望去，尽是郁郁葱葱的茶树，茶叶的清香沁人心脾。村中随处可见茶庄、茶社，还有许多农家乐。来这儿品最纯正的龙井茶、吃吃当地的农家菜，都是值得推荐的体验。','梅家坞','开放时间：全天开放','0','4.5分','游玩时间：建议4-5小时'),(28,'(10901条点评)',2,'游玩指南：宋城集团旗下的大型宋代文化主题乐园。仿古茶楼、杂货铺、打铁铺、酒坊等随处可见，街上有木偶戏、皮影戏、打擂台等表演，还会遇到披甲士兵巡街或是缉拿逃犯，给人一种奇妙的穿越感。','杭州宋城景区','开放时间：9:00-闭园时间根据当日景区内最后一场演出时间确定，最后一场演出结束40分钟后景区闭园；2019年5月1-5月3日：8:30开园；其中景区内各景点开放时间详见景区现场公示。','99','4.6分','游玩时间：建议3-6小时'),(29,'(17019条点评)',3,'游玩指南：西溪国家湿地公园位于市区西面，这里环境清幽、水道纵横，是城市中少有的天然湿地，有“杭州之肾”之称。坐船漫游芦苇荡、寻迹《非诚勿扰》取景处，或是探访隐于林中的秋雪庵、梅竹山庄等古迹，都非常享受。','西溪国家湿地公园·周家村','开放时间：夏令时（4月1日-10月31日）周一-周五8:00-18:30，周六、周日7:30-18:30；冬令时（11月1日-次年3月31日） 周一-周五8:15-17:30，周六、周日8:00-17:30；夏令法定节假日7:30-18:30 ；冬令法定节假日8:00-17:30；其中景区内各景点开放时间详见景区现场公示。','70','4.5分','游玩时间：建议3-6小时'),(30,'(650条点评)',3,'游玩指南：京杭大运河（杭州段）有很多以运河文化、古街历史为主题的游览点，还有不少博物馆和美食街，坐着水上巴士去游运河、享美食、看博物馆，度过悠闲的下午。','京杭大运河','开放时间：全天开放；详情以景区公示为准。','90','4.5分','游玩时间：建议0.5-1天'),(31,'(150条点评)',3,'游玩指南：喷泉在每天的19:30、20:30各喷放一场，每场大约半小时。第一场喷泉结束，20:00正好有一场裸眼3D灯光秀，灯光秀过后，紧接着是第二场音乐喷泉。观众们可以按喷泉-灯光秀-喷泉的顺序，在武林广场尽享夜景盛宴。','武林广场音乐喷泉','开放时间：周一-周四、周日喷泉19:30、20:30各一场，3D灯光秀20:00开始；周五、周六 喷泉19:30、20:30、21:00各一场；3D灯光秀20:00开始。','0','4.5分','游玩时间：建议0.5小时'),(53,'(886条点评)',1,'游玩指南：静安寺地处上海市中心繁华的静安商区，交通便利。寺院的建筑风格融合藏式寺庙，大雄宝殿中供奉的银佛重达15吨，牟尼殿玉佛比上海玉佛寺的玉佛还要大得多。每天来这里烧香祈福的人络绎不绝，是上海最著名的寺庙之一。','静安寺','开放时间：7:30-17:00','0','4.4分','游玩时间：建议1-2小时'),(54,'(1878条点评)',1,'游玩指南：上海博物馆拥有12万余件精品馆藏，荟萃了各朝各代的历史文物，尤以古代青铜陶瓷器、书法、绘画最具特色。在上海博物馆的中国古代青铜器馆，珍藏着镇馆之宝——西周大克鼎，值得一看。逛完博物馆可以在人民广场喂喂鸽子，看看放风筝的人，感受上海人民的生活。','上海博物馆','开放时间：9:00-17:00；16:00后停止入场；每周一闭馆','0','4.6分','游玩时间：建议3-6小时'),(55,'(8226条点评)',1,'游玩指南：上海最著名的商业街，逛逛各种百货大楼和老字号商店。坐一回“铛铛车”，感受老上海的味道。','南京路步行街','开放时间：全天开放','0','4.6分','游玩时间：建议2-3小时'),(56,'(31907条点评)',1,'游玩指南：吹着海风，望着浦江对岸，感受身后建筑群的奢华迤逦，特别有情调。累了还能在咖啡店坐坐，充满小资情调。','外滩','开放时间：全天开放','52','4.7分','游玩时间：建议1-2小时'),(57,'(799条点评)',1,'游玩指南：陆家嘴位于浦东黄浦江畔，与外滩隔江相对，是海内外首屈一指的金融中心。这里汇集了东方明珠、环球金融中心、金茂大厦、上海中心大厦等众多地标性建筑，可以感受魔都的强大魅力。','陆家嘴','开放时间：全天开放','0','4.7分','游玩时间：建议3-4小时'),(58,'(72859条点评)',1,'游玩指南：东方明珠矗立于上海浦东陆家嘴，与外滩隔江相望，是上海的标志性建筑。乘坐全透明观光电梯登上351米高的观光层，可将浦江两岸风光一览无余。若在267米高的空中旋转餐厅一边品尝美食一边欣赏申城夜景，更是超凡的体验。','东方明珠','开放时间：8:00-22:00；最晚入园时间21:30。 东方明珠·奇梦爱丽丝之重回仙境：10:00-21:30。','195','4.6分','游玩时间：建议2-3小时'),(59,'(5320条点评)',2,'游玩指南：城隍庙旅游区其实就是大多数人俗称的“城隍庙”，它泛指以著名景点“豫园”为中心的集景点观光、购物、餐饮于一体的大片区域。豫园和老城隍庙是这里最主要的两个收费景点，它们象征着上海的地方文化和信仰，此外还有九曲桥和湖心亭等开放性的小景点。','城隍庙旅游区','开放时间：城隍庙旅游区全天开放，内部景点和商铺开放时间不同，具体以景区现场公示为准。','0','4.5分','游玩时间：建议2-3小时'),(60,'(8699条点评)',2,'游玩指南：坐落于城隍庙旅游区的豫园是拥有四百多年历史的古典园林，设计精巧，环境清幽，亭台楼阁、假山、池塘样样俱全，是繁华都市中难得的古雅之处。园内还可看到上百件出自名家手笔的匾额、碑刻，以及藏品甚多的石雕展馆。','豫园','开放时间：8:45-16:20；16:20停止检票，16:45开始清场。','30','4.6分','游玩时间：建议1-2小时'),(61,'(1319条点评)',2,'游玩指南：以中西融合、新旧结合为基调，将上海传统的石库门里弄与充满现代感的新建筑融为一体。站在新天地，仿佛置身于20世纪20年代。但是，每座建筑内部却绝对是时尚的。这里有国际画廊、时装店、主题餐馆、咖啡酒吧等，很多都是外国人开的。','新天地','开放时间：全天开放','109','4.5分','游玩时间：建议3-4小时'),(62,'(274条点评)',2,'游玩指南：思南公馆名字来源于思南路。该区域从上世纪20年代开始开发，作为当时法租界的核心区域。这一年，沿法国公园（今复兴公园）南面的辣斐德路（今复兴中路），首批花园大宅拔地而起。思南公馆现成为上海历史文化风貌和优秀历史建筑保留保护项目之一，集人文、时尚和历史底蕴于一身，值得细细品味。','思南公馆','开放时间：全天开放','0','4.6分','游玩时间：建议2-3小时'),(63,'(2792条点评)',2,'游玩指南：建在老上海弄堂里的文艺复古景点，建筑非常复古别致。穿越石板路，在转角就能轻而易举碰见各色街美女与高挑洋妞。当然小店也是不容错过的风景线，这里的一切都充满着怀旧复古的气息，物价比较贵，但很适合拍照留念。','田子坊','开放时间：全天开放','0','4.4分','游玩时间：建议3-4小时'),(64,'(10292条点评)',1,'游玩指南：三国迷必去的地方，纪念的是三国时期蜀国丞相诸葛亮，在明朝初年并入汉昭烈庙，成为中国唯一君臣合祀的祠庙。旁边就是锦里古街。','武侯祠','开放时间：夏季（5月1日-10月31日）8:00-20:00，19:00停止售票；冬季（11月1日-次年4月30日）8:00至18:30，17:30停止售票。','39','4.5分','游玩时间：建议2-3小时'),(65,'(13431条点评)',1,'游玩指南：锦里小吃的东西很多，味道很巴适，作为成都的标志性地点之一，值得来看一下，尤其是夜景。锦里还是一个照相的好地方，在这里留下你美好的瞬间吧。','锦里古街','开放时间：全天开放','40','4.4分','游玩时间：建议2-3小时'),(66,'(980条点评)',1,'游玩指南：烧香、拜佛、吃小吃、品茗首选地方，不收门票，香火自取，还有义工服务，喜欢这种商业气氛不浓的寺庙，还可以来体验成都人的悠闲生活。','文殊院','开放时间：8:00-16:30','40','4.5分','游玩时间：建议1-2小时'),(67,'(340条点评)',1,'游玩指南：离春熙路不远，是唐朝时期留下的古寺庙，已经翻修过多次，维护得比较好，门票便宜，有文化底蕴，烧香拜佛的不错地方，山门内的清静和萧墙外的喧哗形成了强烈的对比。来这里人不多，从大慈寺出来不到10分钟就能到成都有名的商业步行街春熙路。','大慈寺','开放时间：7:00-18:00','27','4.4分','游玩时间：建议1-2小时'),(68,'(3337条点评)',1,'游玩指南：成都的地标，很繁华热闹。成都购物，吃美食，打望美女必去之地。人稍微有点多，熙熙攘攘的，但是你可以在巷子里找到很多美食，非常值得一去的。尤其可以看见很多美女，口福眼福都饱足了。','春熙路','开放时间：全天开放','3','4.5分','游玩时间：建议1-2小时'),(69,'(6591条点评)',2,'游玩指南：金沙博物馆还是比较值得一看的，展馆文物丰富，尤以金面具与金太阳神鸟为最。尤其是对历史，对文物感兴趣的人，惊叹当时各种工艺的制作如此精细，整个园林绿意盎然，清幽宁静。','金沙遗址博物馆','开放时间：夏令时（5月1日-10月31日）8:00-20:00，19:00停止售票；冬令时（11月1日-次年4月30日） 8:00-18:30，17:30停止售票； 周一闭馆（1、2、7、8月及法定节假日、重大节庆活动除外）。','66','4.7分','游玩时间：建议3-5小时'),(70,'(9341条点评)',2,'游玩指南：从金沙博物馆回来后，顺道去杜甫草堂，这里比较清幽，有很多古代伟人的历史记载资料，是教育孩子蜀国历史的一个好课堂，庭深林密树木很多，蛮有诗意的地方，是个很休闲的好去处。','杜甫草堂','开放时间：5月1日-10月31日8:00-19:00；11月1日-次年4月30日8:00-18:00；闭馆前60分钟停止售票。','47','4.6分','游玩时间：建议2-3小时'),(71,'(708条点评)',2,'游玩指南：青羊宫作为一个道教圣地，整体建筑宏大规整，内有许多明清两朝遗迹，独角铜质青羊非常奇特。这里也是本地人喝茶聊天的地方。','青羊宫','开放时间：夏令8:00-18:00，冬令8:00-17:30。','40','4.3分','游玩时间：建议1-2小时'),(72,'(11047条点评)',2,'游玩指南：两条巷子，有点类似北京的南锣鼓巷，规划设计做的很好，人气也很旺，每家店铺也都各具特色，酒吧、饭店较多，还有一些小店，能看出经营者应该都费了不少心思来布置店铺和招揽客人，适合闲情小聚，与朋友聊聊天，享受天府之地的惬意生活。','宽窄巷子','开放时间：全天开放','3','4.4分','游玩时间：建议2-3小时'),(73,'(27231条点评)',3,'游玩指南：离成都市区比较远，但市内有公交车可达，大熊猫太萌了，圆滚滚太可爱了。园里风景也挺宜人的，不过要早点去，最好八点半到，才能看到活跃的场景。到中午十分，熊猫们都吃饱了，懒懒散散的，不爱动弹了已经。带点吃的，这边没什么吃的，比较远。','成都大熊猫繁育研究基地','开放时间：7:30-18:00，17:00停止入场。','52','4.6分','游玩时间：建议3-5小时'),(74,'(297条点评)',3,'游玩指南：四川大学是全国重点大学，现在的四川大学有望江、华西和江安三个校区，其中位于市区望江楼公园旁的望江校区，是川大老校区，也是交通最为方便的一个校区，校区内的行政楼和天使林，在成都当地很有名气。','四川大学','开放时间：全天开放','40','4.6分','游玩时间：建议1-2小时'),(75,'(237条点评)',3,'游玩指南：九眼桥，位于四川音乐学院附近，是成都著名的酒吧一条街，古典风格的廊桥很漂亮。周边有大量的酒吧、餐厅、茶馆等场所，晚上非常的热闹。','九眼桥','开放时间：全天开放','30','4.5分','游玩时间：建议1-3小时'),(76,'(4664条点评)',1,'游玩指南：南普陀寺坐落在厦门大学的边上，所以可以和厦大放同一天游玩。它是闽南乃至全国闻名的佛教寺院，如果准备祈福，不妨来这里拜拜。寺庙后就是五老峰，也是厦门八大景之一，想要游山的话，也可以顺带爬山游玩。','南普陀寺','开放时间：4:30-18:00','0','4.6分','游玩时间：建议2-3小时'),(77,'(3254条点评)',1,'游玩指南：这是一座围绕着万石岩水库的植物园林，园内可以看到多种稀有植物景观，比如中国金钱松、日本金松、南洋杉，以及造型奇特的仙人掌等奇花异木。除了看植物外，园内还汇集了不少石刻、湖泊、草坪、寺庙等景观。','厦门园林植物园','开放时间：全年6:30-18:00；雨林世界雾森10月8日-次年4月30日9:00-11:00、14:00-16:00。5月1日-10月7日8:30-11:00、15:00-17:00。','30','4.6分','游玩时间：建议2-5小时'),(78,'(11525条点评)',1,'游玩指南：这座很美的校园就在南普陀寺旁，校园内绿树成荫，无论漫步还是在树下看书感觉都很惬意。鲁迅先生曾在这长时间工作，所以园内建有唯一一座在高校内的鲁迅纪念馆。学校周边更是咖啡馆林立，小资氛围十足。','厦门大学','开放时间：周一-周五12:30-14:00(1000个参观名额)，周六、周日及寒暑假全天开放（5000个参观名额），国家法定节假日全天开放（10000个参观名额）；具体开放时间以官方披露为准。厦门大学需要提前三到五天预约。','0','4.5分','游玩时间：建议2-3小时'),(79,'(546条点评)',1,'游玩指南：芙蓉隧道是厦门大学主要景点之一，它可以说是中国最文艺的隧道，有着国内最长的涂鸦隧道，这些漂亮的涂鸦是厦大学子一笔一笔描绘而成。吸引着无数文艺青年及游客来此观光。','芙蓉隧道','开放时间：周一-周五全天开放，周六、周日闭馆。','0','4.5分','游玩时间：建议1小时'),(80,'(5100条点评)',1,'游玩指南：环岛路沿海而建，沿途有众多景点，它是来厦门必去的一个地方。走在安静的木栈道上，近处沙滩、远处的海水以及日出日落映衬着的那片海景让人难以挪步。还可以租辆自行车骑行，让海风拂面，别有一番韵味。','环岛路','开放时间：全天开放','45','4.7分','游玩时间：建议2-5小时'),(81,'(8632条点评)',1,'游玩指南：胡里山炮台历史上被称为“八闽门户、天南锁钥”，是厦门重要的旅游景点和爱国主义教育基地。这里有着大大小小的炮台，其中克虏伯大炮首开了中国战区击沉日舰的辉煌战绩。还可以看到红夷火炮清兵操演的表演。','胡里山炮台','开放时间：夏时令（6月1日-10月7日）8:00-18:00；冬时令（10月8日-次年5月31日）8:00-17:30。','22','4.6分','游玩时间：建议1-2小时'),(82,'(4111条点评)',1,'游玩指南：曾厝垵是一个小渔村，和鼓浪屿类似，这里也有很多客栈及小清新的店铺。在这里，建筑颇有特色，不论是红砖古厝和南洋风格的“番仔楼”都书写着华侨遗风，随处可见的铁花和瓷砖也为这里平增了一份感觉。','曾厝垵','开放时间：全天开放','22','4.3分','游玩时间：建议1-2天'),(83,'(36354条点评)',2,'游玩指南：这里有着各种风格迥异、中西合壁的建筑。这里汇集了各种特色的食铺和商铺，充满了文艺范儿。此外，它还有着猫岛之称，咖啡馆内及路边都能与小猫亲密接触。','鼓浪屿','开放时间：全天开放','24','4.4分','游玩时间：建议1-2天'),(84,'(465条点评)',2,'游玩指南：风琴博物馆坐落于八卦楼里，场馆不是很大，展示了5000余台，各种年代，各式的风琴，对音乐感兴趣的不妨来逛逛，不然可能会觉得无趣。据说是目前我国惟一、世界最大的风琴博物馆。','风琴博物馆','开放时间：冬季8:15-17:45，夏季8:15-18:15。','35','4.3分','游玩时间：建议1小时'),(85,'(5138条点评)',2,'游玩指南：日光岩是由两块巨石一竖一横相倚而立形成的，它是鼓浪屿的最高峰，也是鼓浪屿最佳观景点。放眼四顾，厦门市区、鼓浪屿全岛、大海，大担、二担诸岛尽收眼帘。','日光岩','开放时间：冬季5:30-20:30，夏季5:30-21:00。','35','4.5分','游玩时间：建议1小时'),(86,'(322条点评)',2,'游玩指南：郑成功纪念馆坐落于日光岩景区内，全馆分为七个部分，展出郑成功的各种文物、资料、照片、雕塑和模型三百余件，比较系统地展示了郑成功的生平事迹。纪念馆建在西林别墅里，别墅本身也是岛上有名的历史建筑。','郑成功纪念馆','开放时间：周二-周日8:30-16:45，周一闭馆。','0','4.3分','游玩时间：建议1-2小时'),(87,'(718条点评)',2,'游玩指南：钢琴博物馆里面陈列了胡友义先生收藏的70多架古钢琴。这些古钢琴品种和造型都各异，大多保存的很好，都有着雕刻的花纹，木质的纹理，满满的古典气息。','钢琴博物馆','开放时间：8:15-18:15','0','4.4分','游玩时间：建议1-2小时'),(88,'(1493条点评)',2,'游玩指南：菽庄花园各景错落有序，其建筑风格为闽式兼有西洋色彩，临海而筑，独特而惊艳。主要分为藏海园及补山园两部分，主要景点有钢琴博物馆、十二洞天、四十四桥。四十四桥，是非常好的观海点，可在此观海。','菽庄花园','开放时间：冬季5:30-20:30，夏季5:30-21:00。','35','4.5分','游玩时间：建议1小时'),(89,'(744条点评)',2,'游玩指南：皓月园是纪念民族英雄郑成功的雕像园，这里明代风格的建筑与海景山色相辉映。郑成功的巨型花岗岩雕像矗立在覆鼎岩上，与海中的剑石、印斗石鼎足而立。','皓月园','开放时间：夏季7:30-18:00，冬季7:30-17:30。','35','4.4分','游玩时间：建议1小时'),(90,'(270条点评)',3,'游玩指南：怀远楼建于1905-1909年，是目前建筑工艺最精美、保护最好的双环圆形土楼。怀远楼最引人注目之处在于内院核心位置的祖堂，也就是家族子弟读书的地方“斯是室”。“斯是室”精巧秀气，上下堂建筑占地190平方米，室内雕梁画栋，古朴天然，书卷气浓。','怀远楼','开放时间：全天开放','0','4.4分','游玩时间：建议1-2小时'),(91,'(279条点评)',3,'游玩指南：沼泽地上的土楼，中间的鹅卵石下据说就是沼泽地，踩上去会冒水，明显感觉有沉降，抬脚后，鹅卵石会恢复原状，十分奇特。','和贵楼','开放时间：8:00-18:00','0','4.4分','游玩时间：建议1-2小时'),(92,'(3552条点评)',3,'游玩指南：这个古镇因为电源《云水谣》而被大家熟知，很安静，很古朴，有着千年榕树，从制高点往下看，很美。','云水谣古镇','开放时间：全天开放','85','4.4分','游玩时间：建议1天'),(93,'(629条点评)',4,'游玩指南：集美学村位于集美旅游区内，整体的建筑风格为中西合璧，呈现了典型的闽南侨乡的风格。其中最漂亮的是龙舟池及池边的集美中学，而最值得一看的是陈嘉庚先生的陵园——鳌园。学村为陈嘉庚先生倾资创建，著名景点有嘉庚建筑、龙舟池、嘉庚故居、陈嘉庚先生生平事迹陈列馆、嘉庚公园、鳌园等。','集美学村','开放时间：全天开放','0','4.5分','游玩时间：建议4-5小时'),(94,'(287条点评)',4,'游玩指南：鳌园是陈嘉庚先生于1950年兴建的，由门廊、纪念碑、嘉庚墓三部分组成。园内的雕刻是福建石雕艺术的瑰宝，所以有闽南“石雕博物馆”的美称。','鳌园','开放时间：10月1日-次年5月31日8:00-17:30，6月1日-9月30日8:00-18:00。','0','4.3分','游玩时间：建议1小时'),(95,'(501条点评)',4,'游玩指南：嘉庚公园坐落于鳖园的北面，与鳌园相连。公园环境优美，以中国式的庭院为主体，亭台楼阁错落有致。园内还有陈嘉庚纪念堂，为纪念陈先生所建。里面有陈嘉庚的个人生平简介和对厦门大学以及中国教育界所作出的杰出贡献。','嘉庚公园','开放时间：5:30-22:30','0','4.5分','游玩时间：建议2小时'),(96,'(710条点评)',4,'游玩指南：厦门园博苑是座园林大观园，园内的植物非常的多，品种齐全。里面有各种园林风格，可见识到各地区有名的园林景观，各种园林艺术。因为建筑风格多且花草众多，非常适合拍照，易出好片。','厦门园林博览苑','开放时间：2月1日-10月31日7:30-19:00；11月1日-次年1月31日7:30-18:00。','48','4.4分','游玩时间：建议1天'),(97,'(331条点评)',1,'游玩指南：其界以中正纪念堂、戏剧院、音乐厅和自由广场牌坊为限，是台北民众假日休闲的绝佳场所。','自由广场','开放时间：全天开放','0','4.5分','游玩时间：建议1小时'),(98,'(404条点评)',1,'游玩指南：台北第一名刹龙山寺建于清朝，至今已有近300年的历史。它位于台北西南方的万华区，此区域是台北市的发源地，旧时称为艋舺。所以，龙山寺也称为艋胛龙山寺。','艋舺龙山寺','开放时间：18:00-22:00','0','4.4分','游玩时间：建议1-2小时'),(99,'(173条点评)',1,'游玩指南：剥皮寮位于台北市万华区。昔日的万华又称为艋舺，是清代水路运输的要道。当年的繁华造就了“一府二鹿三艋舺”的美誉。而剥皮寮则位于艋胛的街道上，相传是清朝福州商船运进杉木时，剥去树皮之处。是一条历史底蕴浓厚的老街。','剥皮寮老街','开放时间：街区：周二-周日9:00-21:00；室内：周二-周日9:00-18:00；周一闭馆。如遇台风等灾害，依台北市政府公布停班标准配合休馆；其余休馆时间依官网公告为主。','0','4.3分','游玩时间：建议1小时'),(100,'(3168条点评)',1,'游玩指南：西门町，是台北西区最重要的消费商圈。这里有台北第一条专为行人设置的步行街，有西门红楼、美国街、刺青街、电影街和各式各样的特色小店，也有阿宗面线、鸭肉扁等经典小吃。西门町是时下年轻人的潮流聚集地。','西门町','开放时间：全天开放','0','4.4分','游玩时间：建议3-4小时'),(101,'(4734条点评)',1,'游玩指南：台北101大楼曾经是世界第一高楼，集办公、观景台和购物中心于一体，是台北地标性建筑。除购物与观景之外，台北101的璀璨灯光也不可错过。','台北101大楼','开放时间：9:00-22:00；最晚换票及入场时间为21:15。','115','4.5分','游玩时间：建议2-4小时'),(102,'(446条点评)',1,'游玩指南：饶河街夜市位于台北松山区，紧邻着松山慈祐宫，是台北的庶民饮食天堂。此地交通极其便利，驱车前往台北101仅15分钟，离松山火车站也就600米距离。每到周末假日，这里必定人潮汹涌，其中不少是慕名而来的游客。','饶河街夜市','开放时间：16:00-24:00','0','4.4分','游玩时间：建议1-3小时'),(103,'(6956条点评)',2,'游玩指南：台北故宫博物院位于台北士林区，外观为中国传统宫殿建筑。博物院集中华文物之大成，收藏各类文物珍宝约65万件，素有“北京故宫看建筑，台北故宫看文物”的说法。展馆会每三个月更换一次展品，还有不定期的特展展出。','台北故宫博物院','开放时间：周一-周四、周日8:30-18:30，周五、周六8:30-21:00。','75','4.7分','游玩时间：建议3-5小时'),(104,'(965条点评)',2,'游玩指南：现在的士林官邸已改为台北市的生态公园，是市民亲近绿地和休闲的好去处。','士林官邸','开放时间：周二-周日9:30-12:00,11:40截止入场；13:30-17:00,16:40截止入场；每周一休馆。','23','4.5分','游玩时间：建议2-3小时'),(105,'(265条点评)',3,'游玩指南：松山文创园区原为松山烟厂，是早期制作香烟的工厂。2010年正式转型定名为“松山文创园区”。松山文创园区展现了台湾特有的文化创意文化，现在已是国际瞩目的文创新舞台。','松山文创园区','开放时间：园区内-室内区域9:00-18:00；园区内-室外区域8:00-22:00；园区生态景观池周边范围全天开放，景区内各景点开放时间详见景区现场公示。','0','4.5分','游玩时间：建议2-3小时'),(106,'(540条点评)',3,'游玩指南：猫空位于台北文山区的木栅茶区的山上，因特有的壶穴地形而得名，木栅观光茶园是全台第一座观光茶园。猫空曾是台北的最大产茶区，出产的木栅铁观音更是台湾十大名茶之一。现在来猫空喝茶观景已经成为台北独特的文化。','猫空','开放时间：2019年5月20日-6月4日进行年度检修作业，暂停运营。6月5日开始运营。','0','4.3分','游玩时间：建议2-3小时'),(107,'(643条点评)',4,'游玩指南：九份早年因金矿而繁荣，也因金矿的衰败而没落，而九份老街则保留了旧时的生活风貌。老街上古韵浓厚，红灯笼、窄巷道、青石阶、斑驳的木质建筑，为不少影视作品提供了灵感，老街也因为《悲情城市》和《千与千寻》而再次声名远播。','九份老街','开放时间：全天开放','87','4.4分','游玩时间：建议2-4小时'),(108,'(140条点评)',4,'游玩指南：升平戏院原名升平座，1934年建于九份老街，是一座年代久远的两层老戏院，建筑采用了当时最流行的仿巴洛克式的风格。同时戏院还是电影《悲情城市》的取景地。','升平戏院','开放时间：周一-周五9:30-17:00；周六、周日9:30-18:00；休馆日：每个月第一个周一（若遇国定假日即顺延一日）、农历除夕、年初一、选举日。','0','4.2分','游玩时间：建议1-3小时'),(109,'(0条点评)',4,'游玩指南：这是全台第一座以生态博物馆为理念的博物馆园区，系统、全面的将金瓜石稀有的矿产遗址、景观特色、历史人文做了一个完整的保护工作。\n这里的自然美景与历史人文结合巧妙，而且园区周边还有黄金神社、和平纪念园区等等，环境资源类型多样、资源丰富。','金瓜石黄金博物园区','开放时间：周一-周五9:30-17:00；周六-周日9:30-18:00；每月第一个周一、农历除夕、年初一及选举日固定休馆，其他必要之休馆日另行公告。','0','0分','游玩时间：建议4-5小时'),(110,'(248条点评)',5,'游玩指南：位于台北市北投区的北投温泉博物馆，是1913年兴建的温泉公共浴场，整体建筑采用日式木结构，背靠青山，曲径通幽，花木扶疏，颇有乡间别墅风格。1997年，被定为台湾三级文物古迹并改建为北投温泉博物馆。','北投温泉博物馆','开放时间：周二-周日9:00-17:00(最后入馆时间为16:45)，周一及国定假日休馆(逢周六、日照常开馆)。','0','4.4分','游玩时间：建议1-2小时'),(111,'(145条点评)',5,'游玩指南：位于台北市北投区的新北投温泉，多指以北投地热谷温泉、北投温泉亲水公园一带为中心的区域。这里温泉旅馆集中，有不少老建筑，有着浓厚的日式风情。这里因为优质的天然温泉而扬名，泷乃汤、星乃汤、铁乃汤就是日本人按照温泉不同的特性与疗效而命名的。','新北投温泉','开放时间：不同代理商，开放时间不同。','0','4.5分','游玩时间：建议2-4小时'),(112,'(212条点评)',5,'游玩指南：红毛城古迹区笼统指红毛城主楼、英领事馆及南城门等三处。位于在淡水街尾往淡海方向，迄今已超过三个半世纪历史，是淡水最具历史意义的建筑，也是台湾一级古迹。','红毛城','开放时间：周一-周五9:30-17:00,周六-周日9:30-18:00。','18','4.3分','游玩时间：建议1-2小时'),(113,'(115条点评)',5,'游玩指南：真理大学，是一所台湾基督长老教会在台湾北部创办的私立大学，前身为淡水工商管理学院。Aletheia之校名来自希腊语“真理”之意。校园内可远眺观音山，俯瞰淡水河出海口，多栋西班牙风格老建筑让人仿佛身处欧洲。','真理大学','开放时间：全天开放','0','4.4分','游玩时间：建议1-2小时'),(114,'(519条点评)',5,'游玩指南：淡水渔人码头位于台湾新北市淡水区，淡水河的出海口右岸，原本只是一个小渔港，如今已经发展成为淡水知名观光景点。许多人到这里就是为了看一场淡江夕照的浪漫美景。','渔人码头','开放时间：全天开放，商家营业时间11:00-20:00。','277','4.5分','游玩时间：建议1-3小时'),(115,'(31516条点评)',1,'游玩指南：海洋公园实际上是“动物园”+“海族馆”+“欢乐谷”的3合1巨无霸，简直是孩子们的天堂，而且占了一座山，于是山上和山下就被分为2个乐园。\n连接山上山下有3条交通工具：登山缆车、户外电动扶梯和海洋列车。这3条交通工具都大有来头，因此每一条都去体验一下，绝对不虚此行。不管是山上乐园还是山下乐园，千万别错过的经典项目有：1)海豚表演；2)水母万花筒和海洋奇观馆；3)动感天地中4个过山车项目；4)冰极天地的极地动物。不过最刺激的过山车项目，要求身高1.2m以上。','香港海洋公园','开放时间：香港海洋公园开闭园时间不定，以官方网站公布时间为准（http://www.oceanpark.com.hk/sc/plan-your-visit/monthly-schedule）。','331','4.7分','游玩时间：建议5-7小时'),(116,'(725条点评)',1,'游玩指南：夜幕降临，我们乘坐地铁前往庙街。作为购物街的庙街，出售的服装、手工艺品、廉价电子产品是泛善可陈的。庙街早年是香港的烟花之地。而在天后庙附件有不少算命摊子，一些麻雀馆，以及路边又弹又唱的粤剧迷，甚有传统文化特色。乘坐地铁在佐敦站下车即可到达。简单逛逛或吃顿大排档。','庙街','开放时间：全天开放，夜市：20:00-次日6:00。','0','4.2分','游玩时间：建议2-3小时'),(117,'(97条点评)',1,'游玩指南：美都餐室于1950年开业，至今仍保留50年代的装潢，见证着香港历史。除一层外更有当年十分普遍的二楼雅座，可以浏览庙街及榕树头的街景。《花样年华》、《酒店风云》……很多经典港片都曾在这里取景。招牌奶茶很赞，菠萝油、 焗排骨饭、焗猪扒饭也推荐。','美都餐室','菜系：粤菜 茶餐厅','0','4.1分','人均价格：￥87.0'),(118,'(44965条点评)',2,'游玩指南：虽然是全球最小的迪斯尼乐园，但从早上10点开园，直到晚上8点看完烟花表演出来，也要玩整整一天。不需要提前准备午餐和零食，因为迪斯尼是不允许携带食物的，检查很严格，各乐园都有餐馆，提供各种中西餐和点心。乐园项目众多，可以留意FastPass卡（快速通行卡）的使用，略用技巧可以有效地避免排队。节省下来的时间，就可以玩更多的游乐项目啦！\n项目中最经典的属：下午3点半开始的花车巡游和晚上8点开始的烟火表演。热闹精彩的气氛，一定会让小朋友尖叫连连，另外还有和迪斯尼经典卡通人物的合影，给孩子们留下美妙的儿时回忆吧。各乐园王牌项目各有不同，但适合亲子的项目有：迷离庄园、小小世界和小熊维尼的主题游览项目，飞越太空山、驰车天地和灰熊山谷过山车等刺激项目，最后还有《狮子王庆典》、《米奇金奖》音乐剧和《米奇幻想曲》3D电影！','香港迪士尼乐园','开放时间：香港迪士尼乐园开闭园时间不定，以官方网站公布时间为准（www.hongkongdisneyland.cn）。','489','4.8分','游玩时间：建议8-10小时'),(119,'(105条点评)',3,'游玩指南：希慎广场地处铜锣湾商圈，常规的它都有，但最吸引人的是这里的“诚品书店”和“苹果旗舰店”！书店占了3层楼通宵营业，而苹果店是三家香港直营店中的一家。因此你也会频频听到熟悉的普通话。位于港铁铜锣湾站F2出口。约早上10点到达，午餐也在这里解决的话，游玩约花费3小时。','希慎广场','分类：综合商场 香港铜锣湾利园区 综合商场','0','4.3分','开放时间：10:00-22:00，周五、周六23:00结束营业。'),(120,'(88条点评)',3,'游玩指南：吃饱喝足后，一定不能错过希慎广场的诚品书店。书店在大商场霸占了3层(8~10楼)，而且是通宵营业的。这里不仅卖书，同时还有文具、天仁茗茶、王德博茶庄等。此外，书店里有不少椅子供客人坐着看书，相当人性化。','诚品书店（铜锣湾店）','分类：书店画廊 诚品书店 书店画廊','0','4.4分','开放时间：周日-周四 10:00-22:00；周五-周六及假日前夕 10:00-23:00'),(121,'(490条点评)',3,'游玩指南：全程约20分钟，如果是走路则相当考验体力。扶梯往上走，渐入居民区，切身感受香港的市井生活。扶梯从中环庇利街开始，经经阁麟街、荷李活道、些利街、摩罗庙街、罗便臣街，到干德道终止。搭乘港铁至上环站D1出口，至中环街市（注意标志“中环至半山自动扶梯”）。约下午1点45分到达，游玩约1-2小时。','中环至半山自动扶梯','开放时间：下行方向6:00-10:00；上行方向10:00-24:00','0','4.4分','游玩时间：建议0.5小时'),(122,'(905条点评)',3,'游玩指南：闲逛晚半山扶梯，乘坐地铁来到浅水湾。记起来了吗？它就是昨天在海洋公园的登山索道上看到的浅水湾。虽是人造沙滩，但宽阔、洁净而水浅，冬暖夏凉，水温在16°至27°之间，如果想带小孩子下水嬉戏，要记得带泳衣哦。乘坐地铁到达香港站A1出口，步行至中环交易广场巴士总站，搭乘6、6A、6X、66或260线巴士。约下午3点30分到达，游玩约2小时。','浅水湾','开放时间：全天开放','0','4.3分','游玩时间：建议2-3小时'),(123,'(2150条点评)',3,'游玩指南：搭乘地铁，8点前赶到星光大道，这里类似外滩，周围购物中心、旅游景点、餐馆、酒吧林立，也是观看晚上8:00幻彩咏香江的绝佳观赏地。搭乘地铁至尖沙咀站。晚上8点以前到达，游玩约1小时。','星光大道','开放时间：全天开放','0','4.3分','游玩时间：建议1-3小时'),(124,'(326条点评)',3,'游玩指南：每晚8点，全程15分钟，维港两岸44座摩天大楼合作进行灯光互动表演，是香港的经典游玩项目之一。而你漫步的星光大道，正是幻彩咏香江的最佳观赏点之一。观看灯光秀15分钟。','幻彩咏香江','开放时间：20:00-20:15；幻彩咏香江灯光秀约为14分钟，特殊日期会停演出，具体请以当天实际演出时长为准，敬请知悉。','35','4.3分','游玩时间：建议15-20分钟'),(125,'(2947条点评)',4,'游玩指南：吃过早茶，大约10点前往全香港面积最大的购物中心——海港城，是大陆人最熟知的一站式购物场所。价格虽然不比莎莎卓悦优惠，但胜在大而全。早上游览购物，刚好可以避免大牌门前排长龙。商场里餐厅也不少，午餐就在这里解决啦。乘坐港铁港铁尖沙咀站A1、C1和E出口。建议早上10点到达，游玩时间2小时并解决午饭。','海港城','分类：综合商场 综合商场','0','4.7分','开放时间：周一-周日10:00-22:00'),(126,'(4249条点评)',4,'游玩指南：其实海港城就位于维多利亚湾岸边，维港类似广州的珠江、上海的黄浦江，是世界第三大的港湾。传说中的维港的大黄鸭就停在海港城旁，虽然天际100已俯瞰过维港风光，但此时漫步在海港边，遥看对岸港岛的高楼大厦。出了海港城，岸边已是维多利亚湾。建议下午1点左右到达，沿途游玩15分钟。','维多利亚港','开放时间：全天开放','35','4.5分','游玩时间：建议1-2小时'),(127,'(984条点评)',4,'游玩指南：选择独具特色的山顶缆车，直达太平山顶。这个缆车并不是悬在空中，而是像小火车一样在铁轨上前行！而且坐在缆车上，可以看到传说中斜45度的视觉效果哟！建议上山和下山，一次乘坐缆车一次乘坐巴士。但缆车排队较久，有时长达1小时。离开中环天星码头后，可步行至缆车总站。或步行至码头旁的巴士总站，乘坐15路前往太平山顶。建议下午2点左右到达，乘坐时间8分钟。','山顶缆车','开放时间：7:00-23:59','62','4.3分','游玩时间：建议1-2小时'),(128,'(11249条点评)',4,'游玩指南：乘坐缆车到达太平山顶仅需8分钟。这里不仅是香港游必去之地，也是富人的豪华住宅区。山顶最有名的莫过于杜莎夫人蜡像馆，其次就是俯瞰维港夜景。如果时间充裕，一定要沿着柯士甸道前往附近的狮子山或山顶公园，这里视野更佳而且免费。时至傍晚，山顶的凌霄阁有多家餐厅，风评不错值得一试。 乘坐缆车至山顶缆车站，或中环天星码头巴士总站乘坐15C线至太平山顶。建议下午3点左右到达，游览整个太平山顶，杜莎夫人蜡像馆等至少需3个小时。','太平山顶','开放时间：山顶缆车：7:00-23:59；凌霄阁摩天台：周一-周五10:00-23:00，周六、周日及公众假期8:00-23:00；香港杜莎夫人蜡像馆：10:00-22:00；明细以官网为准：https://www.madametussauds.com/hong-kong/zh-hant/。','72','4.5分','游玩时间：建议3-5小时'),(129,'(596条点评)',4,'游玩指南：山顶缆车的终点站就在凌霄阁的3楼，早上去过天际100，因此不必花费20港币到观景台俯瞰香港。动身直奔凌霄阁的杜莎夫人蜡像馆或者信不信由你奇趣馆吧！如果是乘坐缆车，8分钟后就已经在凌霄阁3楼。约下午3点从山顶凌霄阁出发，开始游览整个太平山顶。','凌霄阁','开放时间：周一-周五10:00-23:00，周六、周日及公众假期8:00-23:00。','0','4.4分','游玩时间：建议1-3小时'),(130,'(3883条点评)',4,'游玩指南：想不想和奥黛丽赫本合影呢？鼎鼎有名的杜莎夫人蜡像馆，可是香港游的必去之地。成人票价港币170元，花上1~2个小时，和自己心水的明星来个亲密接触吧！蜡像馆，就在山顶凌霄阁内。建议下午3点15分到达，游玩1.5小时。','香港杜莎夫人蜡像馆','开放时间：10:00-22:00；明细以官网为准：https://www.madametussauds.com/hong-kong/zh-hant/。','205','4.6分','游玩时间：建议3-4小时'),(131,'(820条点评)',4,'游玩指南：坐车下太平山到中环，步行即到兰桂坊。兰桂坊就是几条小街构成，外国人特别多。每天下午5~8点的“欢乐时光”挤满了白领，晚上9点则有酒吧灯红酒绿的夜生活。兰桂坊消费并不昂贵，经济不好时更以低价吸引客人，但气氛却不错。参观完杜莎夫人蜡像馆，也欣赏了维港夜景，坐车下山到中环，步行即到兰桂坊。建议晚上7点左右到达，游玩30分钟至1小时。','兰桂坊','开放时间：全天开放','0','4.4分','游玩时间：建议1-3小时'),(132,'(1612条点评)',4,'游玩指南：从中环兰桂坊乘坐几站地铁就到了九龙的“不夜城”——旺角！这里较受年轻人的喜欢，不少商店和餐厅都是通宵营业。好像内地的夜市，街边林立着各种铺子，售卖各种小商品的和小吃，还有不少街边的艺人表演。一边逛街购物，一边体会“旺角黑夜”吧！ 离开兰桂坊，从中环坐地铁前往旺角。建议晚上8点半到达，旺角以及周边街区可游玩3小时左右。','旺角','开放时间：全天开放','0','4.3分','游玩时间：建议3-5小时'),(133,'(328条点评)',4,'游玩指南：我们开始香港的市井夜生活，而夜晚的通菜街，绝对让你体会到什么是人口密度最高的地方。女生也不会无聊，因为街边林立着各种香港知名小吃，比如义顺牛奶、许留山、牛丸等等。当然啦，连锁的化妆品店莎莎、卓悦也是有的可以一边吃一边逛。离开旺角地铁站，步行2个街区就能看到通菜街。根据个人兴趣，自由安排，可以花30分钟匆匆路过，也可以花一两个小时一边逛一边吃。','通菜街','开放时间：街道全天开放，摊位营业时间12:00-22:30。','0','3.9分','游玩时间：建议1-3小时'),(134,'(249条点评)',4,'游玩指南：西洋菜南街是旺角地区的热门购物街之一，紧邻港铁旺角站，平行于弥顿道，北端以旺角警署为起点，南至登打士街，交通便捷，附近还有女人街、波鞋街等可逛之处。\n西洋菜南街以亚皆老街以南的部分尤为热闹，街道两侧开设了丰泽、苏宁、百脑汇等多家连锁电器商店，从电视等大家电到手机相机等，商品齐全价格适中，是香港知名的电器街，计划购买电子产品的朋友推荐前往。\n电器之外，还有莎莎SASA、卓悦等化妆品连锁店，和The Body Shop等品牌专卖店。\n文艺青年也会喜欢这里，逛逛以序言书室为代表的楼上书店，书籍包括各类外文书籍、边缘题材、二手旧书，淘淘看或许会有惊喜哦。','西洋菜街','开放时间：全天开放，多数店铺10:00-24:00','0','4.3分','游玩时间：建议1-3小时'),(135,'(31516条点评)',1,'游玩指南：海洋公园实际上是“动物园”+“海族馆”+“欢乐谷”的3合1巨无霸，简直是孩子们的天堂，而且占了一座山，于是山上和山下就被分为2个乐园。\n连接山上山下有3条交通工具：登山缆车、户外电动扶梯和海洋列车。这3条交通工具都大有来头，因此每一条都去体验一下，绝对不虚此行。不管是山上乐园还是山下乐园，千万别错过的经典项目有：1)海豚表演；2)水母万花筒和海洋奇观馆；3)动感天地中4个过山车项目；4)冰极天地的极地动物。不过最刺激的过山车项目，要求身高1.2m以上。','香港海洋公园','开放时间：香港海洋公园开闭园时间不定，以官方网站公布时间为准（http://www.oceanpark.com.hk/sc/plan-your-visit/monthly-schedule）。','331','4.7分','游玩时间：建议5-7小时'),(136,'(725条点评)',1,'游玩指南：夜幕降临，我们乘坐地铁前往庙街。作为购物街的庙街，出售的服装、手工艺品、廉价电子产品是泛善可陈的。庙街早年是香港的烟花之地。而在天后庙附件有不少算命摊子，一些麻雀馆，以及路边又弹又唱的粤剧迷，甚有传统文化特色。乘坐地铁在佐敦站下车即可到达。简单逛逛或吃顿大排档。','庙街','开放时间：全天开放，夜市：20:00-次日6:00。','0','4.2分','游玩时间：建议2-3小时'),(137,'(44965条点评)',2,'游玩指南：虽然是全球最小的迪斯尼乐园，但从早上10点开园，直到晚上8点看完烟花表演出来，也要玩整整一天。不需要提前准备午餐和零食，因为迪斯尼是不允许携带食物的，检查很严格，各乐园都有餐馆，提供各种中西餐和点心。乐园项目众多，可以留意FastPass卡（快速通行卡）的使用，略用技巧可以有效地避免排队。节省下来的时间，就可以玩更多的游乐项目啦！\n项目中最经典的属：下午3点半开始的花车巡游和晚上8点开始的烟火表演。热闹精彩的气氛，一定会让小朋友尖叫连连，另外还有和迪斯尼经典卡通人物的合影，给孩子们留下美妙的儿时回忆吧。各乐园王牌项目各有不同，但适合亲子的项目有：迷离庄园、小小世界和小熊维尼的主题游览项目，飞越太空山、驰车天地和灰熊山谷过山车等刺激项目，最后还有《狮子王庆典》、《米奇金奖》音乐剧和《米奇幻想曲》3D电影！','香港迪士尼乐园','开放时间：香港迪士尼乐园开闭园时间不定，以官方网站公布时间为准（www.hongkongdisneyland.cn）。','489','4.8分','游玩时间：建议8-10小时'),(138,'(490条点评)',3,'游玩指南：全程约20分钟，如果是走路则相当考验体力。扶梯往上走，渐入居民区，切身感受香港的市井生活。扶梯从中环庇利街开始，经经阁麟街、荷李活道、些利街、摩罗庙街、罗便臣街，到干德道终止。搭乘港铁至上环站D1出口，至中环街市（注意标志“中环至半山自动扶梯”）。约下午1点45分到达，游玩约1-2小时。','中环至半山自动扶梯','开放时间：下行方向6:00-10:00；上行方向10:00-24:00','0','4.4分','游玩时间：建议0.5小时'),(139,'(905条点评)',3,'游玩指南：闲逛晚半山扶梯，乘坐地铁来到浅水湾。记起来了吗？它就是昨天在海洋公园的登山索道上看到的浅水湾。虽是人造沙滩，但宽阔、洁净而水浅，冬暖夏凉，水温在16°至27°之间，如果想带小孩子下水嬉戏，要记得带泳衣哦。乘坐地铁到达香港站A1出口，步行至中环交易广场巴士总站，搭乘6、6A、6X、66或260线巴士。约下午3点30分到达，游玩约2小时。','浅水湾','开放时间：全天开放','0','4.3分','游玩时间：建议2-3小时'),(140,'(2150条点评)',3,'游玩指南：搭乘地铁，8点前赶到星光大道，这里类似外滩，周围购物中心、旅游景点、餐馆、酒吧林立，也是观看晚上8:00幻彩咏香江的绝佳观赏地。搭乘地铁至尖沙咀站。晚上8点以前到达，游玩约1小时。','星光大道','开放时间：全天开放','0','4.3分','游玩时间：建议1-3小时'),(141,'(326条点评)',3,'游玩指南：每晚8点，全程15分钟，维港两岸44座摩天大楼合作进行灯光互动表演，是香港的经典游玩项目之一。而你漫步的星光大道，正是幻彩咏香江的最佳观赏点之一。观看灯光秀15分钟。','幻彩咏香江','开放时间：20:00-20:15；幻彩咏香江灯光秀约为14分钟，特殊日期会停演出，具体请以当天实际演出时长为准，敬请知悉。','35','4.3分','游玩时间：建议15-20分钟'),(142,'(4249条点评)',4,'游玩指南：其实海港城就位于维多利亚湾岸边，维港类似广州的珠江、上海的黄浦江，是世界第三大的港湾。传说中的维港的大黄鸭就停在海港城旁，虽然天际100已俯瞰过维港风光，但此时漫步在海港边，遥看对岸港岛的高楼大厦。出了海港城，岸边已是维多利亚湾。建议下午1点左右到达，沿途游玩15分钟。','维多利亚港','开放时间：全天开放','35','4.5分','游玩时间：建议1-2小时'),(143,'(984条点评)',4,'游玩指南：选择独具特色的山顶缆车，直达太平山顶。这个缆车并不是悬在空中，而是像小火车一样在铁轨上前行！而且坐在缆车上，可以看到传说中斜45度的视觉效果哟！建议上山和下山，一次乘坐缆车一次乘坐巴士。但缆车排队较久，有时长达1小时。离开中环天星码头后，可步行至缆车总站。或步行至码头旁的巴士总站，乘坐15路前往太平山顶。建议下午2点左右到达，乘坐时间8分钟。','山顶缆车','开放时间：7:00-23:59','62','4.3分','游玩时间：建议1-2小时'),(144,'(11249条点评)',4,'游玩指南：乘坐缆车到达太平山顶仅需8分钟。这里不仅是香港游必去之地，也是富人的豪华住宅区。山顶最有名的莫过于杜莎夫人蜡像馆，其次就是俯瞰维港夜景。如果时间充裕，一定要沿着柯士甸道前往附近的狮子山或山顶公园，这里视野更佳而且免费。时至傍晚，山顶的凌霄阁有多家餐厅，风评不错值得一试。 乘坐缆车至山顶缆车站，或中环天星码头巴士总站乘坐15C线至太平山顶。建议下午3点左右到达，游览整个太平山顶，杜莎夫人蜡像馆等至少需3个小时。','太平山顶','开放时间：山顶缆车：7:00-23:59；凌霄阁摩天台：周一-周五10:00-23:00，周六、周日及公众假期8:00-23:00；香港杜莎夫人蜡像馆：10:00-22:00；明细以官网为准：https://www.madametussauds.com/hong-kong/zh-hant/。','72','4.5分','游玩时间：建议3-5小时'),(145,'(596条点评)',4,'游玩指南：山顶缆车的终点站就在凌霄阁的3楼，早上去过天际100，因此不必花费20港币到观景台俯瞰香港。动身直奔凌霄阁的杜莎夫人蜡像馆或者信不信由你奇趣馆吧！如果是乘坐缆车，8分钟后就已经在凌霄阁3楼。约下午3点从山顶凌霄阁出发，开始游览整个太平山顶。','凌霄阁','开放时间：周一-周五10:00-23:00，周六、周日及公众假期8:00-23:00。','0','4.4分','游玩时间：建议1-3小时'),(146,'(3883条点评)',4,'游玩指南：想不想和奥黛丽赫本合影呢？鼎鼎有名的杜莎夫人蜡像馆，可是香港游的必去之地。成人票价港币170元，花上1~2个小时，和自己心水的明星来个亲密接触吧！蜡像馆，就在山顶凌霄阁内。建议下午3点15分到达，游玩1.5小时。','香港杜莎夫人蜡像馆','开放时间：10:00-22:00；明细以官网为准：https://www.madametussauds.com/hong-kong/zh-hant/。','205','4.6分','游玩时间：建议3-4小时'),(147,'(820条点评)',4,'游玩指南：坐车下太平山到中环，步行即到兰桂坊。兰桂坊就是几条小街构成，外国人特别多。每天下午5~8点的“欢乐时光”挤满了白领，晚上9点则有酒吧灯红酒绿的夜生活。兰桂坊消费并不昂贵，经济不好时更以低价吸引客人，但气氛却不错。参观完杜莎夫人蜡像馆，也欣赏了维港夜景，坐车下山到中环，步行即到兰桂坊。建议晚上7点左右到达，游玩30分钟至1小时。','兰桂坊','开放时间：全天开放','0','4.4分','游玩时间：建议1-3小时'),(148,'(1612条点评)',4,'游玩指南：从中环兰桂坊乘坐几站地铁就到了九龙的“不夜城”——旺角！这里较受年轻人的喜欢，不少商店和餐厅都是通宵营业。好像内地的夜市，街边林立着各种铺子，售卖各种小商品的和小吃，还有不少街边的艺人表演。一边逛街购物，一边体会“旺角黑夜”吧！ 离开兰桂坊，从中环坐地铁前往旺角。建议晚上8点半到达，旺角以及周边街区可游玩3小时左右。','旺角','开放时间：全天开放','0','4.3分','游玩时间：建议3-5小时'),(149,'(328条点评)',4,'游玩指南：我们开始香港的市井夜生活，而夜晚的通菜街，绝对让你体会到什么是人口密度最高的地方。女生也不会无聊，因为街边林立着各种香港知名小吃，比如义顺牛奶、许留山、牛丸等等。当然啦，连锁的化妆品店莎莎、卓悦也是有的可以一边吃一边逛。离开旺角地铁站，步行2个街区就能看到通菜街。根据个人兴趣，自由安排，可以花30分钟匆匆路过，也可以花一两个小时一边逛一边吃。','通菜街','开放时间：街道全天开放，摊位营业时间12:00-22:30。','0','3.9分','游玩时间：建议1-3小时'),(150,'(249条点评)',4,'游玩指南：西洋菜南街是旺角地区的热门购物街之一，紧邻港铁旺角站，平行于弥顿道，北端以旺角警署为起点，南至登打士街，交通便捷，附近还有女人街、波鞋街等可逛之处。\n西洋菜南街以亚皆老街以南的部分尤为热闹，街道两侧开设了丰泽、苏宁、百脑汇等多家连锁电器商店，从电视等大家电到手机相机等，商品齐全价格适中，是香港知名的电器街，计划购买电子产品的朋友推荐前往。\n电器之外，还有莎莎SASA、卓悦等化妆品连锁店，和The Body Shop等品牌专卖店。\n文艺青年也会喜欢这里，逛逛以序言书室为代表的楼上书店，书籍包括各类外文书籍、边缘题材、二手旧书，淘淘看或许会有惊喜哦。','西洋菜街','开放时间：全天开放，多数店铺10:00-24:00','0','4.3分','游玩时间：建议1-3小时'),(151,'(31516条点评)',1,'游玩指南：海洋公园实际上是“动物园”+“海族馆”+“欢乐谷”的3合1巨无霸，简直是孩子们的天堂，而且占了一座山，于是山上和山下就被分为2个乐园。\n连接山上山下有3条交通工具：登山缆车、户外电动扶梯和海洋列车。这3条交通工具都大有来头，因此每一条都去体验一下，绝对不虚此行。不管是山上乐园还是山下乐园，千万别错过的经典项目有：1)海豚表演；2)水母万花筒和海洋奇观馆；3)动感天地中4个过山车项目；4)冰极天地的极地动物。不过最刺激的过山车项目，要求身高1.2m以上。','香港海洋公园','开放时间：香港海洋公园开闭园时间不定，以官方网站公布时间为准（http://www.oceanpark.com.hk/sc/plan-your-visit/monthly-schedule）。','331','4.7分','游玩时间：建议5-7小时'),(152,'(725条点评)',1,'游玩指南：夜幕降临，我们乘坐地铁前往庙街。作为购物街的庙街，出售的服装、手工艺品、廉价电子产品是泛善可陈的。庙街早年是香港的烟花之地。而在天后庙附件有不少算命摊子，一些麻雀馆，以及路边又弹又唱的粤剧迷，甚有传统文化特色。乘坐地铁在佐敦站下车即可到达。简单逛逛或吃顿大排档。','庙街','开放时间：全天开放，夜市：20:00-次日6:00。','0','4.2分','游玩时间：建议2-3小时'),(153,'(44965条点评)',2,'游玩指南：虽然是全球最小的迪斯尼乐园，但从早上10点开园，直到晚上8点看完烟花表演出来，也要玩整整一天。不需要提前准备午餐和零食，因为迪斯尼是不允许携带食物的，检查很严格，各乐园都有餐馆，提供各种中西餐和点心。乐园项目众多，可以留意FastPass卡（快速通行卡）的使用，略用技巧可以有效地避免排队。节省下来的时间，就可以玩更多的游乐项目啦！\n项目中最经典的属：下午3点半开始的花车巡游和晚上8点开始的烟火表演。热闹精彩的气氛，一定会让小朋友尖叫连连，另外还有和迪斯尼经典卡通人物的合影，给孩子们留下美妙的儿时回忆吧。各乐园王牌项目各有不同，但适合亲子的项目有：迷离庄园、小小世界和小熊维尼的主题游览项目，飞越太空山、驰车天地和灰熊山谷过山车等刺激项目，最后还有《狮子王庆典》、《米奇金奖》音乐剧和《米奇幻想曲》3D电影！','香港迪士尼乐园','开放时间：香港迪士尼乐园开闭园时间不定，以官方网站公布时间为准（www.hongkongdisneyland.cn）。','489','4.8分','游玩时间：建议8-10小时'),(154,'(490条点评)',3,'游玩指南：全程约20分钟，如果是走路则相当考验体力。扶梯往上走，渐入居民区，切身感受香港的市井生活。扶梯从中环庇利街开始，经经阁麟街、荷李活道、些利街、摩罗庙街、罗便臣街，到干德道终止。搭乘港铁至上环站D1出口，至中环街市（注意标志“中环至半山自动扶梯”）。约下午1点45分到达，游玩约1-2小时。','中环至半山自动扶梯','开放时间：下行方向6:00-10:00；上行方向10:00-24:00','0','4.4分','游玩时间：建议0.5小时'),(155,'(905条点评)',3,'游玩指南：闲逛晚半山扶梯，乘坐地铁来到浅水湾。记起来了吗？它就是昨天在海洋公园的登山索道上看到的浅水湾。虽是人造沙滩，但宽阔、洁净而水浅，冬暖夏凉，水温在16°至27°之间，如果想带小孩子下水嬉戏，要记得带泳衣哦。乘坐地铁到达香港站A1出口，步行至中环交易广场巴士总站，搭乘6、6A、6X、66或260线巴士。约下午3点30分到达，游玩约2小时。','浅水湾','开放时间：全天开放','0','4.3分','游玩时间：建议2-3小时'),(156,'(2150条点评)',3,'游玩指南：搭乘地铁，8点前赶到星光大道，这里类似外滩，周围购物中心、旅游景点、餐馆、酒吧林立，也是观看晚上8:00幻彩咏香江的绝佳观赏地。搭乘地铁至尖沙咀站。晚上8点以前到达，游玩约1小时。','星光大道','开放时间：全天开放','0','4.3分','游玩时间：建议1-3小时'),(157,'(326条点评)',3,'游玩指南：每晚8点，全程15分钟，维港两岸44座摩天大楼合作进行灯光互动表演，是香港的经典游玩项目之一。而你漫步的星光大道，正是幻彩咏香江的最佳观赏点之一。观看灯光秀15分钟。','幻彩咏香江','开放时间：20:00-20:15；幻彩咏香江灯光秀约为14分钟，特殊日期会停演出，具体请以当天实际演出时长为准，敬请知悉。','35','4.3分','游玩时间：建议15-20分钟'),(158,'(4249条点评)',4,'游玩指南：其实海港城就位于维多利亚湾岸边，维港类似广州的珠江、上海的黄浦江，是世界第三大的港湾。传说中的维港的大黄鸭就停在海港城旁，虽然天际100已俯瞰过维港风光，但此时漫步在海港边，遥看对岸港岛的高楼大厦。出了海港城，岸边已是维多利亚湾。建议下午1点左右到达，沿途游玩15分钟。','维多利亚港','开放时间：全天开放','35','4.5分','游玩时间：建议1-2小时'),(159,'(984条点评)',4,'游玩指南：选择独具特色的山顶缆车，直达太平山顶。这个缆车并不是悬在空中，而是像小火车一样在铁轨上前行！而且坐在缆车上，可以看到传说中斜45度的视觉效果哟！建议上山和下山，一次乘坐缆车一次乘坐巴士。但缆车排队较久，有时长达1小时。离开中环天星码头后，可步行至缆车总站。或步行至码头旁的巴士总站，乘坐15路前往太平山顶。建议下午2点左右到达，乘坐时间8分钟。','山顶缆车','开放时间：7:00-23:59','62','4.3分','游玩时间：建议1-2小时'),(160,'(11249条点评)',4,'游玩指南：乘坐缆车到达太平山顶仅需8分钟。这里不仅是香港游必去之地，也是富人的豪华住宅区。山顶最有名的莫过于杜莎夫人蜡像馆，其次就是俯瞰维港夜景。如果时间充裕，一定要沿着柯士甸道前往附近的狮子山或山顶公园，这里视野更佳而且免费。时至傍晚，山顶的凌霄阁有多家餐厅，风评不错值得一试。 乘坐缆车至山顶缆车站，或中环天星码头巴士总站乘坐15C线至太平山顶。建议下午3点左右到达，游览整个太平山顶，杜莎夫人蜡像馆等至少需3个小时。','太平山顶','开放时间：山顶缆车：7:00-23:59；凌霄阁摩天台：周一-周五10:00-23:00，周六、周日及公众假期8:00-23:00；香港杜莎夫人蜡像馆：10:00-22:00；明细以官网为准：https://www.madametussauds.com/hong-kong/zh-hant/。','72','4.5分','游玩时间：建议3-5小时'),(161,'(596条点评)',4,'游玩指南：山顶缆车的终点站就在凌霄阁的3楼，早上去过天际100，因此不必花费20港币到观景台俯瞰香港。动身直奔凌霄阁的杜莎夫人蜡像馆或者信不信由你奇趣馆吧！如果是乘坐缆车，8分钟后就已经在凌霄阁3楼。约下午3点从山顶凌霄阁出发，开始游览整个太平山顶。','凌霄阁','开放时间：周一-周五10:00-23:00，周六、周日及公众假期8:00-23:00。','0','4.4分','游玩时间：建议1-3小时'),(162,'(3883条点评)',4,'游玩指南：想不想和奥黛丽赫本合影呢？鼎鼎有名的杜莎夫人蜡像馆，可是香港游的必去之地。成人票价港币170元，花上1~2个小时，和自己心水的明星来个亲密接触吧！蜡像馆，就在山顶凌霄阁内。建议下午3点15分到达，游玩1.5小时。','香港杜莎夫人蜡像馆','开放时间：10:00-22:00；明细以官网为准：https://www.madametussauds.com/hong-kong/zh-hant/。','205','4.6分','游玩时间：建议3-4小时'),(163,'(820条点评)',4,'游玩指南：坐车下太平山到中环，步行即到兰桂坊。兰桂坊就是几条小街构成，外国人特别多。每天下午5~8点的“欢乐时光”挤满了白领，晚上9点则有酒吧灯红酒绿的夜生活。兰桂坊消费并不昂贵，经济不好时更以低价吸引客人，但气氛却不错。参观完杜莎夫人蜡像馆，也欣赏了维港夜景，坐车下山到中环，步行即到兰桂坊。建议晚上7点左右到达，游玩30分钟至1小时。','兰桂坊','开放时间：全天开放','0','4.4分','游玩时间：建议1-3小时'),(164,'(1612条点评)',4,'游玩指南：从中环兰桂坊乘坐几站地铁就到了九龙的“不夜城”——旺角！这里较受年轻人的喜欢，不少商店和餐厅都是通宵营业。好像内地的夜市，街边林立着各种铺子，售卖各种小商品的和小吃，还有不少街边的艺人表演。一边逛街购物，一边体会“旺角黑夜”吧！ 离开兰桂坊，从中环坐地铁前往旺角。建议晚上8点半到达，旺角以及周边街区可游玩3小时左右。','旺角','开放时间：全天开放','0','4.3分','游玩时间：建议3-5小时'),(165,'(328条点评)',4,'游玩指南：我们开始香港的市井夜生活，而夜晚的通菜街，绝对让你体会到什么是人口密度最高的地方。女生也不会无聊，因为街边林立着各种香港知名小吃，比如义顺牛奶、许留山、牛丸等等。当然啦，连锁的化妆品店莎莎、卓悦也是有的可以一边吃一边逛。离开旺角地铁站，步行2个街区就能看到通菜街。根据个人兴趣，自由安排，可以花30分钟匆匆路过，也可以花一两个小时一边逛一边吃。','通菜街','开放时间：街道全天开放，摊位营业时间12:00-22:30。','0','3.9分','游玩时间：建议1-3小时'),(166,'(249条点评)',4,'游玩指南：西洋菜南街是旺角地区的热门购物街之一，紧邻港铁旺角站，平行于弥顿道，北端以旺角警署为起点，南至登打士街，交通便捷，附近还有女人街、波鞋街等可逛之处。\n西洋菜南街以亚皆老街以南的部分尤为热闹，街道两侧开设了丰泽、苏宁、百脑汇等多家连锁电器商店，从电视等大家电到手机相机等，商品齐全价格适中，是香港知名的电器街，计划购买电子产品的朋友推荐前往。\n电器之外，还有莎莎SASA、卓悦等化妆品连锁店，和The Body Shop等品牌专卖店。\n文艺青年也会喜欢这里，逛逛以序言书室为代表的楼上书店，书籍包括各类外文书籍、边缘题材、二手旧书，淘淘看或许会有惊喜哦。','西洋菜街','开放时间：全天开放，多数店铺10:00-24:00','0','4.3分','游玩时间：建议1-3小时'),(167,'(12196条点评)',1,'游玩指南：每天升旗仪式时间与日出时间一致，可以提前在天安门管委会官网查询。天安门广场的安检非常严格，排队也需要较久时间，如果不带包的话入场速度会比较快。','天安门广场','开放时间：5:00-22:00','10','4.7分','游玩时间：建议1-2小时'),(168,'(89460条点评)',1,'游玩指南：明朝两代的皇宫，珍贵文物琳琅满目，参观之前最好提前做一些功课，也可以到现场租借语音讲解器或雇请讲解员。','故宫','开放时间：旺季（4月1日-10月31日） 周二-周日8:30-17:00，16:00停止售票，16:10停止入馆，17:00闭馆；淡季（11月1日-次年3月31日） 周二-周日8:30-16:30，15:30停止售票，15:40停止入馆，16:30闭馆。周一 不开放（法定节假日周一不闭馆）。','60','4.8分','游玩时间：建议0.5-1天'),(169,'(2537条点评)',1,'游玩指南：景山公园就在故宫的后山上，从神武门出来，过马路可以直接进入公园南门。山顶的“万春亭”是俯瞰和拍摄故宫全景的最佳地点。','景山公园','开放时间：旺季（4月1日-10月31日）6:30-21:00，20:30止票；淡季（11月1日-次年3月31日）6:30-20:00，19:30止票。','4','4.6分','游玩时间：建议1-2小时'),(170,'(1593条点评)',1,'游玩指南：北京著名的历史街区，众多名人故居、王府旧址散落其中，如果体力充足可以去逛逛。后海酒吧街更是京城夜生活的核心地带。','什刹海','开放时间：全天开放','0','4.5分','游玩时间：建议2-4小时'),(171,'(6256条点评)',2,'游玩指南：游览一般都是南门进北门（或东门）出，依次参观圜丘、皇穹宇、丹陛桥、斋宫、神乐署、祈年殿和皇乾殿后即可离开。','天坛','开放时间：旺季（4月1日-10月31日）6:00-17:30，16:00停止售票；淡季（11月1日-次年3月31日） 6:30-17:00，15:30停止售票；','20','4.5分','游玩时间：建议2-3小时'),(172,'(1175条点评)',2,'游玩指南：北京老字号餐馆的聚集地，附近的胡同里也有如瑞蚨祥、北京照相机总厂、中国冠帽文化博物馆等老字号店铺和老建筑，可以进入参观。','前门大街','开放时间：全天开放','60','4.5分','游玩时间：建议1-2小时'),(173,'(1380条点评)',2,'游玩指南：长安街上水滴状的造型新颖独特，是新北京的标志之一。买票进去享受一场音乐大餐也不错。','国家大剧院','开放时间：周二-周日9:00-17:00，周一 不开放；闭馆前半小时停止取票。','35','4.6分','游玩时间：建议1-2小时'),(174,'(2435条点评)',3,'游玩指南：建议优先游览定陵，因为这里是十三陵中唯一一处被打开地宫的陵墓，如果还有时间可以去看看埋葬着明成祖朱棣的长陵。','明十三陵','开放时间：旺季（4月1日-10月31日）8:00-17:30；淡季（11月1日-次年3月31日）8:30-17:00。','40','4.4分','游玩时间：建议4小时'),(175,'(16504条点评)',3,'游玩指南：号称天下九塞之一，是明长城景色中的精华。“不到长城非好汉”，很多国人都以这里为登临长城的主要选择。','八达岭长城','开放时间：旺季（4月1日-10月31日）6:30-19:00，其中7月1日-8月31日为6:00-19:30；淡季（11月1日-次年3月31日）7:30-18:00。','40','4.6分','游玩时间：建议3-4小时'),(176,'(680条点评)',4,'游玩指南：起个大早去奥林匹克森林公园晨跑，然后去奥体中心的鸟巢和水立方，参观北京极具标志性的当代建筑。','奥林匹克公园','开放时间：5月1日-10月31日6:30-22:00；11月1日-次年4月30日7:30-21:30。','57.5','4.6分','游玩时间：建议4小时'),(177,'(1074条点评)',4,'游玩指南：老厂房改造的创意园区，北京的文艺青年聚集地，驻扎了很多画廊、展馆，还有不少特色店铺。','798艺术区','开放时间：艺术区全天开放','8.8','4.5分','游玩时间：建议0.5-1天'),(178,'(23777条点评)',5,'游玩指南：清朝皇帝的行宫和花园，可以下载“颐和园”手机导览APP，随时查看园区地图、游园路线等实用信息。','颐和园','开放时间：4月1日-10月31日6:30-18:00；11月1日-次年3月31日7:00-17:00；园中园开放时间4月1日-10月31日8:30-17:00，最晚离园时间20:00；11月1日-次年3月31日9:00-16:00，最晚离园时间19:00。','30','4.7分','游玩时间：建议3-6小时'),(179,'(12165条点评)',5,'游玩指南：推荐从南门进入景区，这样可以先游览十二生肖、西洋楼遗址﻿等最重要的景点，接着沿福海岸向西游览诸多自然景观，最后从西南角的藻园处离开。','圆明园','开放时间：4月1日-4月30日7:00-18:00；5月1日-8月31日7:00-19:00；9月1日-10月31日7:00-18:00；11月1日-次年3月31日7:00-17:30。','25','4.7分','游玩时间：建议3-6小时'),(180,'(1299条点评)',5,'游玩指南：北京大学创建于1898年，有众多的古老建筑，未名湖、博雅塔相互辉映，漫步在图书馆、百年讲堂等著名建筑间，便可感受百年学府浓厚的文化氛围。','北京大学','开放时间：校园参观开放时间为双休日、法定节假日及教师寒暑假（具体参看校历）。参观日开放时间8:30-11:30、14:00-17:00。遇校内调休调课、重要活动或极端天气等不宜开放的情况，可能取消预约暂停校园参观，详情可电话咨询。','0','4.6分','游玩时间：建议1-2小时'),(181,'(997条点评)',5,'游玩指南：清华大学创办于1911年，前身是“清华学堂”，校园内绿草青青，树木成荫，这里也是大师辈出的地方。','清华大学','开放时间：校园参观开放时间为双休日、法定节假日及寒暑假期间。开放日进校时段9:00-10:00、10:00-11:00，14:00-15:00、15:00-16:00。寒暑假期间每周一为校园休整日，不对外开放。如遇校内调休、调课、重要活动或极端天气等不宜开放的情况，暂停校园参观。','0','4.6分','游玩时间：建议1-2小时'),(182,'(25834条点评)',1,'游玩指南：苏州园林中最具代表性的为拙政园，被胜誉为“天下园林之母”。拙政园面积很大，游览一圈约需2-3小时，到景点前会有很多黑导游要你跟他的团，不要听他们的就是了。拙政园外面有许多卖丝绸、扇子的小摊贩，一定要砍价，货比三家！','拙政园','开放时间：7:30-17:00','88','4.5分','游玩时间：建议2-3小时'),(183,'(1808条点评)',1,'游玩指南：拙政园旁边就是苏州博物馆，博物馆由著名建筑师贝聿铭设计，包括2006年起开放的新馆和太平天国忠王府古建筑（旧馆）两部分，整个博物馆就像一座小园林。博物馆很有看头，一定要留足时间参观。整个造型非常漂亮，结合了现代艺术与苏州古典美，同时也不要错过镇馆之宝越窑秘色瓷莲花碗、真珠舍利宝幢。','苏州博物馆','开放时间：周二-周日9:00-17:00（16:00停止入馆）；每周一闭馆（国家法定节假日除外）；本馆遇有重大活动或重要设备设施维修保养时，可根据需要临时闭馆，具体信息以景区公告为准。','0','4.6分','游玩时间：建议2-3小时'),(184,'(1136条点评)',1,'游玩指南：观前街在明清时就已经是商业街，如今是苏州的最主要的一条小吃街，因地处玄妙观前而得名。从整体上来看观前街布局比较整齐，街道比较干净，但是像所有商业步行街一样，人很多，走在路上会比较挤。顺道可以在这里寻一个餐馆解决午饭，路边有些老店，可以买些小零食带回家送朋友，推荐采芝斋。','观前街','开放时间：全天开放','0','4.2分','游玩时间：建议2-3小时'),(185,'(1739条点评)',1,'游玩指南：平江路是苏州城区相对保护的比较好的老街，走一遍很有感觉。而且平江路上还有很多有意思的小店，猫的天空之城概念书店、洛七时光咖啡（洛七慢递）、鸡脚旮旯、狐狸家手工酸奶酪等，总之是吃货、小文艺的天堂。平江路的夜景也非常值得一看，在这里看夕阳西下到华灯初上，也是一次不错的体验。','平江路历史街区','开放时间：全天开放','98','4.6分','游玩时间：建议3-4小时'),(186,'(11634条点评)',2,'游玩指南：虎丘因为苏东坡的一句“到苏州不游虎丘乃憾事也”而名扬天下，山上多数景点背后有吴王和西施的传说故事，山顶的云岩寺塔（虎丘斜塔）是苏州的地标。','虎丘','开放时间：3月1日-10月31日7:30-17:30；11月1日-次年2月29日7:30-18:00。','78','4.6分','游玩时间：建议3-4小时'),(187,'(4444条点评)',2,'游玩指南：“姑苏城外寒山寺，夜半钟声到客船”，唐朝诗人张继在寒山寺留下千古名句，妇孺皆知。寒山寺虽然名气很大，但实际规模却不大，一两小时便可逛完。','寒山寺','开放时间：8:00-16:30；16:00停止售票，16:30清园。','18','4.4分','游玩时间：建议1-2小时'),(188,'(3215条点评)',2,'游玩指南：游完寒山寺，继续前往山塘街闲逛一番。苏州的美很大一部分是在夜里，山塘的夜景也是极其推荐的。其中新民桥到山塘桥是夜景最美、景点最集中、人也最多的路段。','山塘古街','开放时间：8:00-21:00','50','4.5分','游玩时间：建议2-4小时'),(189,'(17022条点评)',1,'游玩指南：早上先来到中山陵，除了拜谒国父孙中山先生，还可以感受中国现代第一陵的壮观。爬上392级台阶后，可以将整个南京置于眼底。','中山陵景区','开放时间：8:30-17:00，每周一闭馆(法定节假日及孙中山先生诞辰、逝世纪念日除外)；周一祭堂维护不开放，只能走到陵门为止（如恰逢法定节假日则正常开放）。','0','4.6分','游玩时间：建议2-4小时'),(190,'(324条点评)',1,'游玩指南：从中山陵下来，广场旁边就是音乐台，虽然不大，但是景色不错，还可以去喂鸽子。如果没有提前买套票的话，可以在音乐台售票处购买门票。','音乐台','开放时间：3月1日-10月31日6:30-18:00；11月1日-次年2月29日7:00-18:00。','50','4.3分','游玩时间：建议1小时'),(191,'(873条点评)',1,'游玩指南：在音乐台门口乘小火车就可以到灵谷寺，这里人要比中山陵、明孝陵少很多，非常的安静，环境也非常不错，古色古香。初一、十五的话烧香的人会比较多。这里还有个素菜馆，可以顺便在这里吃午饭。','灵谷景区','开放时间：3月1日-11月30日 6:30-18:00；12月1日-次年2月29日 7:00-17:30。','32','4.5分','游玩时间：建议2-3小时'),(192,'(1064条点评)',1,'游玩指南：梅花山属于明孝陵景区的一部分，神道就是围绕梅花山而建。若是冬末初春的话，梅花山很值得一去。这里的梅花非常多，还有海棠、樱花等，花季非常美，如果是其他季节的话，只去明孝陵，沿着神道出去就可以了。','梅花山','开放时间：3月1日-11月30日6:30-18:30；12月1日-次年2月29日7:00-17:30。','0','4.6分','游玩时间：建议2-4小时'),(193,'(7796条点评)',1,'游玩指南：灵谷寺门口可以坐小火车或者公交到明孝陵，这里是朱元璋夫妇的陵墓，石刻和神道都很值得一看。建议先逛陵宫，再去神道。秋天的神道最为漂亮，拍出来的照片最美。','明孝陵','开放时间：3月1日-11月30日 6:30-18:30；12月1日-次年2月29日 7:00-17:30','60','4.6分','游玩时间：建议2-4小时'),(194,'(1357条点评)',1,'游玩指南：从明孝陵神道旁的出口出来，沿着大路走一段就是美龄宫了，也可以乘小火车或者中山陵专线到达。美龄宫是以前蒋氏夫妇的住所，堪称最美民国建筑之一，无论是外部还是内部都很漂亮，还可以看到他们以前的生活场景，阳台上的凤凰雕刻也不要错过。','美龄宫','开放时间：7:30-18:00','27','4.7分','游玩时间：建议1-2小时'),(195,'(2224条点评)',2,'游玩指南：南京大屠杀是南京最为惨痛的历史，这里除了见证这段历史，雕塑也很别致。不过整体气氛比较压抑，心情会比较沉重。','侵华日军南京大屠杀遇难同胞纪念馆','开放时间：周二-周日8:30-16:30，周一闭馆，遇国家法定节假日正常开放。','0','4.7分','游玩时间：建议1-2小时'),(196,'(228条点评)',2,'游玩指南：云锦博物馆就在大屠杀纪念馆旁边，可以顺便去逛一下，平复下心情。云锦是我国四大名锦之一，图案华丽，也比较贵。这里也可以买到云锦制品。','南京云锦博物馆','开放时间：9:00-17:00，法定节假日休息。','0','4.4分','游玩时间：建议1-2小时'),(197,'(33690条点评)',2,'游玩指南：乘坐地铁2号线至大行宫站下，出来便是南京总统府，这是南京最重要的景点之一，它对中国近现代史意义重大。总统府地方很大，展品也很多，对历史感兴趣的可以逛一下午，不喜欢历史的逛逛园子也不错。旁边的1912民国风情街区也可以顺便转转。','南京总统府','开放时间：旺季（3月1日-10月14日）周二-周日 8:30-18:00,17:00停止售票，17:10停止入园，周一 不开放；淡季10月15日-次年2月28日周二-周日 8:30-17:00,16:00停止售票，16:10停止入园，周一 不开放；遇有重大活动或特殊事由，开放时间另行安排，除夕闭馆。','37','4.7分','游玩时间：建议2-4小时'),(198,'(255条点评)',2,'游玩指南：沿着长江路走一段就是梅园新村，这一片都是民国建筑，很有味道，还可以找到周恩来曾经住过的地方。','梅园新村纪念馆','开放时间：周二-周日9:00-17:00（最晚入馆时间16:30），周一闭馆。','0','4.4分','游玩时间：建议1-2小时'),(199,'(4424条点评)',2,'游玩指南：如果时间还够，或者要在南京火车站坐火车回家的话，可以再去玄武湖转一转。曾经皇家园林现在已经成了市民公园，非常悠闲。玄武湖春夏秋都可以赏花，划划船也非常不错。','玄武湖','开放时间：环湖路区域全天开放；五洲区域7:00-21:00','0','4.6分','游玩时间：建议2-6小时'),(200,'(11496条点评)',1,'游玩指南：清晨尽量早起，去看看没有游人的丽江古城，石板路、老房子、小桥流水，处处都透着一股优雅的气质。在城内悠闲逛逛，发现一条属于自己的小巷，拜访一名隐士或狂人，喝一口丽江的井水，进一个院子发呆。放慢脚步，尽情享受丽江的慢生活。','丽江古城','开放时间：全天开放；详情以景区公示为准。','40','4.4分','游玩时间：建议2-3天'),(201,'(542条点评)',1,'游玩指南：大水车是古城的标志，南来北往每个逛古城的人，都会在这里留下一张照片作为纪念。两辆水车一起转动，有人说这是母子，有人说是情侣，究竟是什么，还要看你自己的想象啦。','古城大水车','开放时间：全天开放','0','4.4分','游玩时间：建议30分钟'),(202,'(1212条点评)',1,'游玩指南：丽江古城的中心，也是城里最热闹的地方。白天人声鼎沸，周围的店铺游人熙熙攘攘，每天中午会有纳西族的老阿姨在这里跳舞。晚上这里又是另外一种感觉，流浪歌手在街边放声歌唱，人们跳起锅庄，变成欢乐的海洋。','四方街','开放时间：全天开放；详情以景区公示为准。','0','4.4分','游玩时间：建议1-2小时'),(203,'(8098条点评)',1,'游玩指南：这里是丽江曾经的木氏土司的宫殿，非常气派，相传是仿造紫禁城建造的。这里可以看到很多原样复原的房子、工作场所、议事厅、生活场所等，了解当年地方土司的生活。','木府','开放时间：8:30-17:30；详情以景区公示为准。','40','4.7分','游玩时间：建议2小时'),(204,'(326条点评)',1,'游玩指南：狮子山公园就在木府背后，从木府旁边上山一个小时不到就可以到顶。这里是俯瞰古城全貌的绝妙去处，很多古城全景的大片都是在这里拍摄的。山上有一座万古楼，视野很好。如果不想交万古楼的门票，也可以在山间的咖啡馆、茶馆的观景台上拍照，效果也非常好。','狮子山','开放时间：8:30-18:30，18:00停止售票。','28','4.4分','游玩时间：建议2小时'),(205,'(740条点评)',1,'游玩指南：狮子山上的古老建筑，是丽江的一个重要地标。建筑非常精美，有象征着少数民族的浮雕、繁复的藻井等，都值得观赏。更重要的是，这里还是俯瞰拍摄古城全景的最佳地带。','万古楼','开放时间：8:30-18:00','27.8','4.3分','游玩时间：建议0.5-1小时'),(206,'(650条点评)',1,'游玩指南：丽江的重要景点，也是拍摄玉龙雪山最好的地方之一。公园里有一处晶莹清澈的泉坛，倒映着园内古老的建筑、周围葱郁的树木、还有远处的皑皑雪顶，美景醉人，也是摄影师们的最爱。','黑龙潭公园','开放时间：7:00-20:00；详情以景区公示为准。','27.8','4.0分','游玩时间：建议2-3小时');
/*!40000 ALTER TABLE `scenary` ENABLE KEYS */;
UNLOCK TABLES;

--
-- Table structure for table `travel`
--

DROP TABLE IF EXISTS `travel`;
/*!40101 SET @saved_cs_client     = @@character_set_client */;
 SET character_set_client = utf8mb4 ;
CREATE TABLE `travel` (
  `id` bigint(20) NOT NULL AUTO_INCREMENT,
  `amount` varchar(255) DEFAULT NULL,
  `day` varchar(255) DEFAULT NULL,
  `howlong` varchar(255) DEFAULT NULL,
  `intro` varchar(255) DEFAULT NULL,
  PRIMARY KEY (`id`)
) ENGINE=MyISAM AUTO_INCREMENT=13 DEFAULT CHARSET=utf8;
/*!40101 SET character_set_client = @saved_cs_client */;

--
-- Dumping data for table `travel`
--

LOCK TABLES `travel` WRITE;
/*!40000 ALTER TABLE `travel` DISABLE KEYS */;
INSERT INTO `travel` VALUES (1,'3','15','50公里','杭州是座适合细细品味的城市，3天的时间，你可以在西湖边寻找白娘子与许仙的传说，去西溪、灵隐感受禅意与自然之美。晚上G20期间吸睛无数的音乐喷泉和灯光秀也不容错过。'),(2,'2','15','14公里','有人喜欢上海熙熙攘攘的街，白天的喧嚣；也有人爱她的夜，旖旎妖娆。两天时间可以游览上海市中心最经典的地标景点，感受上海的繁华与魔力。'),(3,'3','12','49公里','经典 人文 参观博物馆 访古 逛特色街 逛夜市 看动物 泡吧 品茶/喝茶 祈福'),(4,'4','23','246公里','到厦门游玩既不能错过美丽的海景，也不能错过市区的大牌景点，更要去周边看看特色的鼓楼，这样才能全面领略厦门风情。'),(5,'5','24','140公里','诚品书店涌动着台北纯粹的文艺萌芽，101大楼在黑夜撑起了台北唯美的天际，北投水雾氤氲的温泉舒缓身心的疲倦，淡水老街上众多海鲜店中人们大快朵颐的咀嚼声仿佛永不停歇，夜色笼罩下...'),(6,'4','21','66公里','这条线路非常充实，包括香港所有热门的景点，还有海滩、知名商圈和夜市大排档。行程中还有知名书店、苹果旗舰店甚至米其林餐厅！'),(7,'5','17','191公里','玩遍北京的绝大部分热门景点，每天集中游玩一个区域，感受最正宗的京城范儿，是初游北京的5日经典行程。'),(8,'2','11','17公里','古色古香的园林，平江路、观前街、山塘街一条条老街，漫步苏州，或看水乡居民日常起居，或品尝美食，或扎入琳琅满目的小店带来的繁华中，各有各的不同，各有各的好。'),(9,'2','14','30公里','第一天去中山陵景区和夫子庙，第二天总统府和大屠杀纪念馆，玩遍南京最著名景点，既有沉重的历史，也有繁华的今天。'),(10,'1','7','3公里','初到丽江的人，不管怎样都一定会去丽江古城好好逛逛，那么就用一天的时间，漫步在古城大大小小的街巷之中，体验这座茶马重镇的悠然风情吧！'),(11,'2','13','38公里','重庆市景点众多，地方特色鲜明。两天的时间足够你初步领略山城的精华，美景、美食、美女一个都不能少！'),(12,'2','11','33公里','两天内逛遍武汉经典景点，历史名胜、特色街区、小吃美食通通不错过。');
/*!40000 ALTER TABLE `travel` ENABLE KEYS */;
UNLOCK TABLES;

--
-- Table structure for table `travel_scenary_set`
--

DROP TABLE IF EXISTS `travel_scenary_set`;
/*!40101 SET @saved_cs_client     = @@character_set_client */;
 SET character_set_client = utf8mb4 ;
CREATE TABLE `travel_scenary_set` (
  `travel_id` bigint(20) NOT NULL,
  `scenary_set_id` bigint(20) NOT NULL,
  PRIMARY KEY (`travel_id`,`scenary_set_id`),
  UNIQUE KEY `UK_1xgg78u8bi782dd4reeui0jkt` (`scenary_set_id`)
) ENGINE=MyISAM DEFAULT CHARSET=utf8;
/*!40101 SET character_set_client = @saved_cs_client */;

--
-- Dumping data for table `travel_scenary_set`
--

LOCK TABLES `travel_scenary_set` WRITE;
/*!40000 ALTER TABLE `travel_scenary_set` DISABLE KEYS */;
INSERT INTO `travel_scenary_set` VALUES (1,18),(1,19),(1,20),(1,21),(1,22),(1,23),(1,24),(1,25),(1,26),(1,27),(1,28),(1,29),(1,30),(1,31),(2,53),(2,54),(2,55),(2,56),(2,57),(2,58),(2,59),(2,60),(2,61),(2,62),(2,63),(3,64),(3,65),(3,66),(3,67),(3,68),(3,69),(3,70),(3,71),(3,72),(3,73),(3,74),(3,75),(4,76),(4,77),(4,78),(4,79),(4,80),(4,81),(4,82),(4,83),(4,84),(4,85),(4,86),(4,87),(4,88),(4,89),(4,90),(4,91),(4,92),(4,93),(4,94),(4,95),(4,96),(5,97),(5,98),(5,99),(5,100),(5,101),(5,102),(5,103),(5,104),(5,105),(5,106),(5,107),(5,108),(5,109),(5,110),(5,111),(5,112),(5,113),(5,114),(6,115),(6,116),(6,117),(6,118),(6,119),(6,120),(6,121),(6,122),(6,123),(6,124),(6,125),(6,126),(6,127),(6,128),(6,129),(6,130),(6,131),(6,132),(6,133),(6,134),(6,135),(6,136),(6,137),(6,138),(6,139),(6,140),(6,141),(6,142),(6,143),(6,144),(6,145),(6,146),(6,147),(6,148),(6,149),(6,150),(6,151),(6,152),(6,153),(6,154),(6,155),(6,156),(6,157),(6,158),(6,159),(6,160),(6,161),(6,162),(6,163),(6,164),(6,165),(6,166),(7,167),(7,168),(7,169),(7,170),(7,171),(7,172),(7,173),(7,174),(7,175),(7,176),(7,177),(7,178),(7,179),(7,180),(7,181),(8,182),(8,183),(8,184),(8,185),(8,186),(8,187),(8,188),(9,189),(9,190),(9,191),(9,192),(9,193),(9,194),(9,195),(9,196),(9,197),(9,198),(9,199),(10,200),(10,201),(10,202),(10,203),(10,204),(10,205),(10,206);
/*!40000 ALTER TABLE `travel_scenary_set` ENABLE KEYS */;
UNLOCK TABLES;
/*!40103 SET TIME_ZONE=@OLD_TIME_ZONE */;

/*!40101 SET SQL_MODE=@OLD_SQL_MODE */;
/*!40014 SET FOREIGN_KEY_CHECKS=@OLD_FOREIGN_KEY_CHECKS */;
/*!40014 SET UNIQUE_CHECKS=@OLD_UNIQUE_CHECKS */;
/*!40101 SET CHARACTER_SET_CLIENT=@OLD_CHARACTER_SET_CLIENT */;
/*!40101 SET CHARACTER_SET_RESULTS=@OLD_CHARACTER_SET_RESULTS */;
/*!40101 SET COLLATION_CONNECTION=@OLD_COLLATION_CONNECTION */;
/*!40111 SET SQL_NOTES=@OLD_SQL_NOTES */;

-- Dump completed on 2019-07-26 15:53:49
